"KEGGID","Pvalue","OddsRatio","ExpCount","Count","Size","Term","KEGGClassNames","Genes"
"04122",0.00781557598912545,9.72684852835607,4.81315653521612,9,10,"Sulfur relay system","Genetic Information Processing; Folding, sorting and degradation","MOCS1, MOCS2, MPST, TST, NFS1, MOCS3, TRMU, CTU1, CTU2"
"00100",0.000199496550163104,9.20986321094312,9.14499741691063,17,19,"Steroid biosynthesis","Metabolism; Lipid metabolism","CEL, CYP51A1, DHCR7, DHCR24, FDFT1, LIPA, LSS, MSMO1, SC5D, SOAT1, SQLE, TM7SF2, EBP, FAXDC2, NSDHL, HSD17B7, CYP2R1"
"03060",0.000122620311201861,7.22882882882883,11.0702600309971,20,23,"Protein export","Genetic Information Processing; Folding, sorting and degradation","HSPA5, SRP9, SRP14, SRP54, SRP68, SRP72, SRPRA, SEC62, SEC61B, SEC63, SEC11A, SEC61G, SPCS1, SEC61A1, SEC61A2, SRPRB, SPCS3, IMMP2L, SEC11C, IMMP1L"
"00511",0.0040609452488972,5.0492628550881,8.1823661098674,14,17,"Other glycan degradation","Metabolism; Glycan biosynthesis and metabolism","AGA, FUCA2, GBA1, GLB1, HEXA, HEXB, MAN2C1, MAN2B1, MANBA, NEU1, NEU3, MAN2B2, ENGASE, HEXD"
"00900",0.0121227324055127,4.32482932087675,7.21973480282418,12,15,"Terpenoid backbone biosynthesis","Metabolism; Metabolism of terpenoids and polyketides","ACAT1, ACAT2, FDPS, HMGCR, HMGCS1, IDI1, MVD, MVK, GGPS1, PMVK, PDSS1, PDSS2"
"05216",0.00216681684950619,3.40580083457833,13.9581539521267,22,29,"Thyroid cancer","Human Diseases; Cancer: specific types","BRAF, CDH1, CTNNB1, HRAS, KRAS, NRAS, MAPK3, MAP2K1, MAP2K2, RET, RXRA, RXRB, TCF7, TCF7L2, TP53, TPM3, TPR, PAX8, CCDC6, NCOA4, TFG, TCF7L1"
"05131",1.17170051644745e-05,3.34332484539833,29.3602548648183,46,61,"Shigellosis","Human Diseases; Infectious disease: bacterial","RHOG, CHUK, CRK, CRKL, MAPK14, CSK, DIAPH1, DOCK1, CTTN, IKBKB, CXCL8, ITGB1, NFKB1, NFKBIA, NFKBIB, PFN1, PFN2, MAPK3, MAPK8, MAPK9, MAPK10, MAPK13, RAC1, RELA, ROCK1, UBE2D2, VCL, IKBKG, RIPK2, WASF1, BTRC, WASL, ATG5, ROCK2, ELMO1, ARPC5, ARPC4, ARPC3, ARPC1B, ARPC2, WASF2, NOD1, MAD2L2, ARPC1A, FBXW11, ARPC5L"
"00310",0.000248336213526678,3.25959449674149,21.1778887549509,33,44,"Lysine degradation","Metabolism; Amino acid metabolism","ACAT1, ACAT2, ALDH2, ALDH9A1, ALDH3A2, ALDH7A1, DLST, ECHS1, EHHADH, GCDH, HADH, PLOD2, SUV39H1, NSD2, BBOX1, PLOD3, SETD1A, SETDB1, AASS, SETD1B, SETD2, KMT5B, AADAT, TMLHE, ASH1L, NSD1, COLGALT1, SUV39H2, EHMT1, SETD7, SETDB2, DOT1L, KMT5C"
"03030",0.000920720087083035,3.25469653179191,17.327363526778,27,36,"DNA replication","Genetic Information Processing; Replication and repair","DNA2, FEN1, LIG1, MCM2, MCM3, MCM5, MCM6, MCM7, PCNA, POLD1, POLD2, POLE, PRIM2, RFC1, RFC2, RFC4, RFC5, RPA1, RPA2, RPA3, SSBP1, RNASEH2A, POLA2, POLE3, POLD4, RNASEH2B, RNASEH1"
"00640",0.00178398893024408,3.25225550342837,15.4021009126916,24,32,"Propanoate metabolism","Metabolism; Carbohydrate metabolism","ACACA, ACACB, ACADM, ACAT1, ACAT2, ALDH2, ALDH9A1, ALDH3A2, ALDH7A1, ECHS1, EHHADH, LDHA, LDHB, ALDH6A1, MMUT, PCCA, PCCB, SUCLG2, SUCLG1, MLYCD, HIBCH, ACSS2, ACSS3, MCEE"
"03008",7.09557507441421e-06,3.0029197080292,36.0986740141209,55,75,"Ribosome biogenesis in eukaryotes","Genetic Information Processing; Translation","CSNK2A2, CSNK2B, FBL, RNR1, RNR2, SNU13, NVL, TCOF1, XPO1, UTP14C, RCL1, MPHOSPH10, POP7, NXF1, NOP56, RPP30, RPP40, UTP14A, WDR3, POP1, XRN2, WDR43, GTPBP4, REXO2, GNL3, RRP7A, NOB1, NXT1, GNL2, NMD3, UTP18, SBDS, POP5, GAR1, XRN1, GNL3L, RPP25, HEATR1, RBM28, NAT10, IMP3, LSG1, NOP10, NHP2, UTP6, REXO1, NOL6, EFL1, RIOK1, WDR75, UTP15, IMP4, WDR36, RPP25L, SPATA5"
"00020",0.00444674344468552,2.97908402452218,14.4394696056484,22,30,"Citrate cycle (TCA cycle)","Metabolism; Carbohydrate metabolism","ACLY, ACO1, ACO2, DLAT, DLST, FH, IDH1, IDH2, IDH3A, IDH3B, IDH3G, MDH1, MDH2, PC, PCK2, PDHA1, PDHB, SDHA, SDHB, SDHC, SUCLG2, SUCLG1"
"00970",0.00096315700873898,2.96005260562223,19.7339417943861,30,41,"Aminoacyl-tRNA biosynthesis","Genetic Information Processing; Translation","DARS1, EPRS1, FARSA, GARS1, HARS1, KARS1, MARS1, QARS1, RARS1, SARS1, TARS1, WARS1, FARSB, WARS2, FARS2, LARS2, HARS2, PARS2, YARS2, LARS1, DARS2, IARS2, RARS2, VARS2, AARS2, CARS2, NARS2, TARS2, MTFMT, EARS2"
"00520",0.000407971252871057,2.92544593088071,23.1031513690374,35,48,"Amino sugar and nucleotide sugar metabolism","Metabolism; Carbohydrate metabolism","CHI3L1, CHIT1, CYB5R3, GALE, GALK1, GALT, GFPT1, GMDS, GPI, HEXA, HEXB, HK1, HK2, MPI, PGM1, PMM2, RENBP, UAP1, GFUS, UGDH, UGP2, GNPDA1, GNE, GMPPB, GMPPA, AMDHD2, CYB5R2, CYB5R1, NANS, NAGK, CMAS, GNPNAT1, UXS1, NPL, UAP1L1"
"00280",0.00077888490672556,2.89540354686934,21.1778887549509,32,44,"Valine, leucine and isoleucine degradation","Metabolism; Amino acid metabolism","ACADM, ACADS, ACADSB, ACAT1, ACAT2, ALDH2, ALDH9A1, ALDH3A2, ALDH7A1, AUH, BCAT2, BCKDHB, DBT, ECHS1, EHHADH, HSD17B10, HADHB, HADH, HMGCL, HMGCS1, IVD, ALDH6A1, MMUT, OXCT1, PCCA, PCCB, ACAA2, HIBADH, HIBCH, MCCC1, MCCC2, MCEE"
"03420",0.00077888490672556,2.89540354686934,21.1778887549509,32,44,"Nucleotide excision repair","Genetic Information Processing; Replication and repair","CCNH, CETN2, DDB2, ERCC1, ERCC2, ERCC3, ERCC4, ERCC5, ERCC6, GTF2H3, LIG1, MNAT1, PCNA, POLD1, POLD2, POLE, RAD23A, RAD23B, RFC1, RFC2, RFC4, RFC5, RPA1, RPA2, RPA3, XPA, CUL4B, CUL4A, RBX1, POLE3, POLD4, GTF2H5"
"04710",0.017079204249873,2.88449082403742,10.5889443774755,16,22,"Circadian rhythm","Organismal Systems; Environmental adaptation","BMAL1, CRY1, CSNK1D, NPAS2, PER1, RORA, RORC, SKP1, CUL1, PER3, PER2, BTRC, NR1D1, RBX1, FBXW11, FBXL3"
"03015",5.9073085393054e-06,2.85096574199189,39.9491992422938,60,83,"mRNA surveillance pathway","Genetic Information Processing; Translation","CSTF1, CSTF2, CSTF3, ETF1, GSPT1, MAGOH, PABPC3, PNN, PPP2CA, PPP2CB, PPP2R1A, PPP2R1B, PPP2R2A, PPP2R3A, PPP2R5A, PPP2R5B, PPP2R5C, PPP2R5D, PPP2R5E, UPF1, DDX39B, PABPN1, RNMT, RNGTT, PABPC4, EIF4A3, ALYREF, SRRM1, SAP18, NXF1, HBS1L, PAPOLA, RNPS1, CLP1, NUDT21, NCBP2, ACIN1, SMG1, CSTF2T, SMG6, SMG5, GSPT2, UPF2, DAZAP1, PABPC1, PPP2R3B, NXT1, PCF11, CPSF3, PELO, CPSF2, PPP2R3C, PPP2R2D, PAPOLG, UPF3B, UPF3A, CPSF7, FIP1L1, PYM1, MSI2"
"05211",5.97681825482298e-05,2.72495446265938,33.6920957465128,50,70,"Renal cell carcinoma","Human Diseases; Cancer: specific types","AKT1, AKT2, ARNT, BRAF, CREBBP, CRK, CRKL, EP300, EPAS1, ETS1, FH, GAB1, GRB2, RAPGEF1, HIF1A, HRAS, JUN, KRAS, NRAS, PAK1, PAK2, PAK3, PIK3CB, PIK3CD, PIK3R1, MAPK3, MAP2K1, MAP2K2, PTPN11, RAC1, RAF1, RAP1A, RAP1B, SLC2A1, SOS1, ELOC, ELOB, TGFB2, TGFB3, VEGFA, VEGFB, VHL, CUL2, PIK3R3, RBX1, PAK4, EGLN1, EGLN2, EGLN3, FLCN"
"04210",8.89441671219998e-06,2.71048664471277,41.8744618563802,62,87,"Apoptosis","Cellular Processes; Cell growth and death","AKT1, AKT2, APAF1, BIRC2, BIRC3, XIAP, BAD, BAX, BCL2L1, BID, CAPN1, CAPN2, CASP3, CASP6, CASP7, CASP8, CASP9, CHUK, DFFA, DFFB, ENDOG, IKBKB, IL1R1, IL1RAP, IL3RA, IRAK1, IRAK2, MYD88, NFKB1, NFKBIA, PIK3CB, PIK3CD, PIK3R1, PPP3CA, PPP3CC, PRKACB, PRKAR1A, PRKAR1B, PRKAR2A, PRKAR2B, PRKX, RELA, TP53, TRAF2, PIK3R3, IKBKG, TRADD, RIPK1, TNFSF10, FADD, TNFRSF10D, TNFRSF10B, TNFRSF10A, CFLAR, MAP3K14, AIFM1, EXOG, IRAK3, CHP1, ENDOD1, IRAK4, CYCS"
"04520",4.81043242131917e-05,2.70006770480704,35.1360427070777,52,73,"Adherens junction","Cellular Processes; Cellular community - eukaryotes","ACP1, ACTN4, ACTN1, RHOA, CDH1, CREBBP, CSNK2A2, CSNK2B, CTNNA1, CTNNB1, CTNND1, EGFR, EP300, ERBB2, FER, FGFR1, IGF1R, INSR, LMO7, AFDN, MAPK3, PTPN1, PTPN6, PTPRF, PTPRJ, PTPRM, NECTIN2, RAC1, RAC2, RAC3, SRC, MAP3K7, TCF7, TCF7L2, TGFBR1, TGFBR2, TJP1, VCL, YES1, IQGAP1, WASF1, WASL, FARP2, WASF2, BAIAP2, SORBS1, WASF3, NLK, PARD3, NECTIN4, TCF7L1, SSX2IP"
"03018",0.00010820780666406,2.59432734842571,34.1734114000344,50,71,"RNA degradation","Genetic Information Processing; Folding, sorting and degradation","BTG1, DDX6, ENO2, ENO3, HSPD1, CNOT2, CNOT4, PABPC3, EXOSC9, EXOSC10, BTG2, PABPC4, CNOT9, PAN2, MPHOSPH6, TOB2, TENT4A, LSM6, EXOSC8, XRN2, EXOSC7, CNOT1, EXOSC2, MTREX, EDC4, LSM4, CNOT10, PABPC1, LSM1, LSM3, DCPS, CNOT7, EXOSC3, LSM7, LSM8, XRN1, EXOSC4, DCP1A, CNOT6, LSM2, EDC3, SKIC8, ZCCHC7, PNPT1, EXOSC6, DCP2, DHX36, DCP1B, PATL1, PAN3"
"04330",0.0017452540063401,2.55854970518258,22.6218357155158,33,47,"Notch signaling pathway","Environmental Information Processing; Signal transduction","CREBBP, DTX1, DVL1, DVL2, EP300, KAT2A, HDAC1, HDAC2, HES1, RBPJ, JAG2, LFNG, NOTCH1, NOTCH2, NOTCH3, PSEN1, PSEN2, ADAM17, NUMB, KAT2B, NUMBL, CIR1, NCOR2, MAML1, SNW1, DTX4, NCSTN, APH1A, MAML3, PSENEN, MAML2, DTX2, DTX3L"
"00562",0.000590203347077325,2.55791608839543,27.4349922507319,40,57,"Inositol phosphate metabolism","Metabolism; Carbohydrate metabolism","IMPA1, IMPA2, INPP4A, INPP5A, INPP5B, ITPK1, ITPKB, ALDH6A1, OCRL, PIK3C2A, PIK3C2B, PIK3C2G, PIK3C3, PIK3CB, PIK3CD, PI4KA, PI4KB, PIP4K2A, PLCB2, PLCB3, PTEN, TPI1, PIP5K1A, PIP5K1B, PIP4K2B, SYNJ1, SYNJ2, PLCB1, PIP5K1C, INPP5J, PLCE1, ISYNA1, INPP5K, PI4K2A, INPP5E, PIP4K2C, PLCD4, PLCD3, PIKFYVE, IPMK"
"03430",0.0312787181691633,2.47159821107284,11.0702600309971,16,23,"Mismatch repair","Genetic Information Processing; Replication and repair","LIG1, MLH1, MSH3, PCNA, POLD1, POLD2, RFC1, RFC2, RFC4, RFC5, RPA1, RPA2, RPA3, SSBP1, MLH3, POLD4"
"05213",0.00162915222874889,2.44327654947445,25.0284139831238,36,52,"Endometrial cancer","Human Diseases; Cancer: specific types","AKT1, AKT2, APC, BAD, BRAF, CASP9, CDH1, CTNNA1, CTNNB1, EGF, EGFR, ELK1, ERBB2, FOXO3, GRB2, HRAS, KRAS, MLH1, NRAS, PDPK1, PIK3CB, PIK3CD, PIK3R1, MAPK3, MAP2K1, MAP2K2, PTEN, RAF1, SOS1, TCF7, TCF7L2, TP53, AXIN1, PIK3R3, APC2, TCF7L1"
"04070",0.000294445920356253,2.30942377826404,37.5426209746857,53,78,"Phosphatidylinositol signaling system","Environmental Information Processing; Signal transduction","CALM1, CALM3, CDS1, DGKA, DGKQ, IMPA1, IMPA2, INPP4A, INPP5A, INPP5B, INPP5D, ITPK1, ITPKB, ITPR1, ITPR2, OCRL, PIK3C2A, PIK3C2B, PIK3C2G, PIK3C3, PIK3CB, PIK3CD, PIK3R1, PI4KA, PI4KB, PIP4K2A, PLCB2, PLCB3, PRKCA, PRKCB, PTEN, PIP5K1A, PIP5K1B, PIP4K2B, PIK3R3, DGKZ, DGKE, CDS2, SYNJ1, SYNJ2, PLCB1, PIP5K1C, INPP5J, PLCE1, INPP5K, CALML5, PI4K2A, INPP5E, PIP4K2C, PLCD4, PLCD3, DGKH, PIKFYVE"
"05120",0.000849848101840399,2.27421541717649,32.7294644394696,46,68,"Epithelial cell signaling in Helicobacter pylori infection","Human Diseases; Infectious disease: bacterial","ADAM10, ATP6V1A, ATP6V1B2, ATP6V1C1, ATP6V1E1, ATP6V0B, ATP6V0A1, ATP6AP1, CASP3, CHUK, MAPK14, CSK, HBEGF, EGFR, IKBKB, CXCL8, JUN, LYN, NFKB1, NFKBIA, PAK1, MAPK8, MAPK9, MAPK10, MAPK13, PTPN11, PTPRZ1, RAC1, RELA, MAP2K4, SRC, ADAM17, TJP1, IKBKG, ATP6V0E1, MAP3K14, ATP6V0D1, ATP6V1F, ATP6V1G1, TCIRG1, NOD1, ATP6V0A2, GIT1, ATP6V1H, ATP6V1E2, IGSF5"
"00480",0.00502049867983772,2.23723750905141,23.584467022559,33,49,"Glutathione metabolism","Metabolism; Metabolism of other amino acids","ANPEP, GGT1, GGT5, GCLC, GCLM, GPX1, GPX3, GPX4, GPX7, GSR, GSS, GSTA1, GSTA4, GSTM3, GSTP1, GSTZ1, IDH1, IDH2, MGST1, MGST2, MGST3, PGD, RRM1, SMS, GSTO1, OPLAH, RRM2B, LAP3, TXNDC12, GGCT, GSTO2, GGT6, GSTK1"
"05100",0.000963686448652007,2.22269160179735,33.6920957465128,47,70,"Bacterial invasion of epithelial cells","Human Diseases; Infectious disease: bacterial","RHOA, RHOG, CBL, CBLB, CDH1, CLTA, CLTB, CLTC, CRK, CRKL, CTNNA1, CTNNB1, DNM2, DOCK1, CTTN, GAB1, ITGB1, PIK3CB, PIK3CD, PIK3R1, PTK2, PXN, RAC1, SRC, VCL, CLTCL1, PIK3R3, WASF1, WASL, BCAR1, ELMO1, DNM1L, ARPC5, ARPC4, ARPC3, ARPC1B, ARPC2, WASF2, MAD2L2, ARPC1A, CD2AP, CBLC, SHC2, DNM3, ARHGEF26, ARHGAP10, ARPC5L"
"05220",0.000763242049340314,2.22159504734159,35.1360427070777,49,73,"Chronic myeloid leukemia","Human Diseases; Cancer: specific types","AKT1, AKT2, BAD, BCL2L1, BCR, BRAF, RUNX1, CBL, CBLB, CDK4, CDK6, CDKN1A, CHUK, CRK, CRKL, E2F3, MECOM, GRB2, HDAC1, HDAC2, HRAS, IKBKB, KRAS, MDM2, NFKB1, NFKBIA, NRAS, PIK3CB, PIK3CD, PIK3R1, MAPK3, MAP2K1, MAP2K2, PTPN11, RAF1, RELA, SOS1, STAT5A, STAT5B, TGFB2, TGFB3, TGFBR1, TGFBR2, TP53, PIK3R3, IKBKG, GAB2, CBLC, SHC2"
"05221",0.00351367502436599,2.17120058034095,27.4349922507319,38,57,"Acute myeloid leukemia","Human Diseases; Cancer: specific types","AKT1, AKT2, BAD, BRAF, RUNX1, CHUK, EIF4EBP1, MTOR, GRB2, HRAS, IKBKB, JUP, KIT, KRAS, NFKB1, NRAS, PIK3CB, PIM1, PIK3CD, PIK3R1, PML, PPARD, MAPK3, MAP2K1, MAP2K2, RAF1, RELA, RPS6KB2, SOS1, STAT3, STAT5A, STAT5B, TCF7, TCF7L2, PIK3R3, IKBKG, PIM2, TCF7L1"
"04012",0.000743515102538624,2.06932067202337,41.8744618563802,57,87,"ErbB signaling pathway","Environmental Information Processing; Signal transduction","ABL2, AKT1, AKT2, BAD, BRAF, BTC, CAMK2B, CAMK2D, CAMK2G, CBL, CBLB, CDKN1A, CRK, CRKL, HBEGF, EGF, EGFR, EIF4EBP1, ELK1, ERBB2, ERBB3, MTOR, GAB1, GRB2, HRAS, JUN, KRAS, NCK1, NRAS, PAK1, PAK2, PAK3, PIK3CB, PIK3CD, PIK3R1, PRKCA, PRKCB, MAPK3, MAPK8, MAPK9, MAPK10, MAP2K1, MAP2K2, MAP2K7, PTK2, RAF1, RPS6KB2, MAP2K4, SOS1, SRC, STAT5A, STAT5B, NCK2, PIK3R3, PAK4, CBLC, SHC2"
"05223",0.00972751527776038,1.99761632341724,25.991045290167,35,54,"Non-small cell lung cancer","Human Diseases; Cancer: specific types","AKT1, AKT2, BAD, BRAF, CASP9, CDK4, CDK6, E2F3, EGF, EGFR, ERBB2, FHIT, FOXO3, GRB2, HRAS, KRAS, NRAS, PDPK1, PIK3CB, PIK3CD, PIK3R1, PRKCA, PRKCB, MAPK3, MAP2K1, MAP2K2, RAF1, RXRA, RXRB, SOS1, STK4, TP53, PIK3R3, RASSF1, RASSF5"
"05110",0.0134319698874092,1.9398387311996,25.5097296366454,34,53,"Vibrio cholerae infection","Human Diseases; Infectious disease: bacterial","ADCY3, ARF1, ATP6V1A, ATP6V1B2, ATP6V1C1, ATP6V1E1, ATP6V0B, ATP6V0A1, ATP6AP1, GNAS, KCNQ1, PRKACB, PRKCA, PRKCB, PRKX, SLC12A2, TJP1, ATP6V0E1, ATP6V0D1, ATP6V1F, TJP2, ATP6V1G1, TCIRG1, KDELR1, SEC61B, KDELR2, KDELR3, SEC61G, ATP6V0A2, SEC61A1, ERO1A, ATP6V1H, SEC61A2, ATP6V1E2"
"00270",0.0414103975904948,1.91411366411366,17.327363526778,23,36,"Cysteine and methionine metabolism","Metabolism; Amino acid metabolism","AMD1, CBS, CTH, DNMT1, TRDMT1, DNMT3A, DNMT3B, GOT1, GOT2, LDHA, LDHB, MAT2A, MPST, MTAP, MTR, SMS, TST, AHCYL1, SDS, AHCYL2, APIP, ADI1, ENOPH1"
"04130",0.0414103975904948,1.91411366411366,17.327363526778,23,36,"SNARE interactions in vesicular transport","Genetic Information Processing; Folding, sorting and degradation","BNIP1, STX2, STX1A, STX3, STX4, STX5, VAMP1, VAMP2, VAMP7, STX7, STX11, SNAP23, VAMP3, BET1, YKT6, VAMP5, BET1L, STX18, STX17, USE1, SNAP47, VTI1A, STX19"
"04962",0.0274679464651726,1.89483194795808,21.1778887549509,28,44,"Vasopressin-regulated water reabsorption","Organismal Systems; Excretory system","ADCY3, ADCY6, AQP3, ARHGDIA, ARHGDIB, CREB1, DCTN1, DYNC1H1, DYNC1LI2, GNAS, PRKACB, PRKX, RAB5A, RAB5B, RAB5C, STX4, VAMP2, RAB11A, RAB11B, CREB5, CREB3, DCTN2, DCTN6, DYNC1LI1, DYNC2LI1, CREB3L2, DCTN5, DYNLL2"
"05222",0.00287565988124431,1.89445810923727,40.911830549337,54,85,"Small cell lung cancer","Human Diseases; Cancer: specific types","AKT1, AKT2, APAF1, BIRC2, BIRC3, XIAP, BCL2L1, CASP9, CDK2, CDK4, CDK6, CDKN2B, CHUK, CKS1B, COL4A1, COL4A2, COL4A5, E2F3, FHIT, IKBKB, ITGA6, ITGA2, ITGA3, ITGB1, LAMA3, LAMA5, LAMB2, LAMB3, LAMC1, MAX, NFKB1, NFKBIA, PIK3CB, PIK3CD, PIK3R1, PTEN, PTK2, RELA, RXRA, RXRB, TP53, TRAF1, TRAF2, TRAF3, TRAF5, TRAF6, PIK3R3, IKBKG, PIAS1, PIAS2, TRAF4, PIAS4, CYCS, LAMA1"
"04146",0.00453341318112003,1.8736260285158,38.0239366282073,50,79,"Peroxisome","Cellular Processes; Transport and catabolism","ACOX1, ABCD1, CAT, EHHADH, EPHX2, ACSL1, HMGCL, HSD17B4, IDH1, IDH2, MPV17, MVK, PRDX1, PEX1, PEX6, PEX7, PEX10, PEX14, PHYH, ABCD3, PXMP2, PEX2, PEX5, SCP2, SOD1, SOD2, XDH, ACOX3, GNPAT, DDO, AGPS, PEX11B, PEX11A, PEX16, ACOT8, SLC25A17, PMVK, PXMP4, MLYCD, PRDX5, HACL1, DECR2, ACSL5, PEX26, NUDT12, FAR1, PEX11G, MPV17L, GSTK1, NUDT19"
"05210",0.0132783865381496,1.8390073831009,29.8415705183399,39,62,"Colorectal cancer","Human Diseases; Cancer: specific types","AKT1, AKT2, APC, RHOA, BAD, BAX, BRAF, CASP3, CASP9, CTNNB1, FOS, JUN, KRAS, MLH1, MSH3, PIK3CB, PIK3CD, PIK3R1, MAPK3, MAPK8, MAPK9, MAPK10, MAP2K1, RAC1, RAC2, RAC3, RAF1, TCF7, TCF7L2, TGFB2, TGFB3, TGFBR1, TGFBR2, TP53, AXIN1, PIK3R3, APC2, CYCS, TCF7L1"
"05212",0.00898105445566825,1.83687050862623,33.6920957465128,44,70,"Pancreatic cancer","Human Diseases; Cancer: specific types","AKT1, AKT2, BAD, BCL2L1, BRAF, CASP9, CDK4, CDK6, CHUK, E2F3, EGF, EGFR, ERBB2, IKBKB, JAK1, KRAS, NFKB1, PIK3CB, PIK3CD, PIK3R1, MAPK3, MAPK8, MAPK9, MAPK10, MAP2K1, RAC1, RAC2, RAC3, RAF1, RALA, RALB, RELA, STAT1, STAT3, TGFB2, TGFB3, TGFBR1, TGFBR2, TP53, VEGFA, VEGFB, PIK3R3, IKBKG, RALBP1"
"04621",0.0223930582128757,1.77336979801641,27.9163079042535,36,58,"NOD-like receptor signaling pathway","Organismal Systems; Immune system","BIRC2, BIRC3, XIAP, CASP1, CASP8, CHUK, MAPK14, HSP90AA1, HSP90AB1, IKBKB, CXCL8, IL18, NAIP, NFKB1, NFKBIA, NFKBIB, MAPK3, MAPK8, MAPK9, MAPK10, MAPK13, RELA, MAP3K7, TNFAIP3, HSP90B1, TRAF6, TRIP6, IKBKG, RIPK2, NOD1, CARD8, PYCARD, ERBIN, NLRC4, CARD9, CARD6"
"04666",0.005002248228629,1.77072941667536,44.2810401239883,57,92,"Fc gamma R-mediated phagocytosis","Organismal Systems; Immune system","AKT1, AKT2, ARF6, CFL1, CRK, CRKL, DNM2, GSN, INPP5D, LIMK1, LIMK2, LYN, MARCKS, PAK1, PIK3CB, PIK3CD, PIK3R1, PLA2G4A, PLD2, PRKCA, PRKCB, PRKCE, MAPK3, MAP2K1, RAC1, RAC2, RAF1, RPS6KB2, SYK, VASP, VAV2, PIP5K1A, PIP5K1B, PLA2G6, PIK3R3, PLPP2, PLPP3, SPHK1, WASF1, WASL, GAB2, DNM1L, ARPC5, ARPC4, ARPC3, ARPC1B, ARPC2, WASF2, VAV3, ARPC1A, WASF3, PIP5K1C, DNM3, ASAP1, ASAP3, MARCKSL1, ARPC5L"
"05215",0.0062342746046692,1.75815800772864,42.8370931634235,55,89,"Prostate cancer","Human Diseases; Cancer: specific types","AKT1, AKT2, ATF4, BAD, BRAF, CASP9, CDK2, CDKN1A, CHUK, CREB1, CREBBP, CTNNB1, E2F3, EGF, EGFR, EP300, ERBB2, FGFR1, MTOR, GRB2, GSTP1, HRAS, HSP90AA1, HSP90AB1, IGF1R, IKBKB, KRAS, MDM2, NFKB1, NFKBIA, NKX3-1, NRAS, PDPK1, PIK3CB, PIK3CD, PIK3R1, MAPK3, MAP2K1, MAP2K2, PTEN, RAF1, RELA, SOS1, TCF7, TCF7L2, TP53, HSP90B1, PIK3R3, IKBKG, CREB5, CREB3, PDGFC, CREB3L2, PDGFD, TCF7L1"
"04612",0.0159712022277656,1.75210260135796,32.7294644394696,42,68,"Antigen processing and presentation","Organismal Systems; Immune system","CALR, CD74, CREB1, CTSB, CTSL, CTSS, HLA-A, HLA-B, HLA-C, HLA-DMA, HLA-DMB, HLA-DOA, HLA-DPA1, HLA-DPB1, HLA-DQA1, HLA-DQB1, HLA-DRA, HLA-DRB1, HLA-DRB5, HLA-E, HLA-F, HLA-G, HSPA1A, HSPA1B, HSPA1L, HSPA4, HSPA5, HSPA8, HSP90AA1, HSP90AB1, KLRC2, CIITA, NFYA, NFYC, LGMN, PSME1, PSME2, RFX5, RFXAP, TAP1, TAP2, TAPBP"
"04662",0.014244685662757,1.72122778188934,36.0986740141209,46,75,"B cell receptor signaling pathway","Organismal Systems; Immune system","AKT1, AKT2, CD81, CHUK, FOS, GRB2, HRAS, IKBKB, INPP5D, JUN, KRAS, LYN, NFATC1, NFATC2, NFATC3, NFKB1, NFKBIA, NFKBIB, NFKBIE, NRAS, PIK3CB, PIK3CD, PIK3R1, PPP3CA, PPP3CC, PRKCB, MAPK3, MAP2K1, MAP2K2, PTPN6, RAC1, RAC2, RAC3, RAF1, RELA, SOS1, SYK, VAV2, PIK3R3, IKBKG, BCL10, VAV3, NFAT5, CHP1, RASGRP3, DAPP1"
"00330",0.0372718041636237,1.70171718216613,25.991045290167,33,54,"Arginine and proline metabolism","Metabolism; Amino acid metabolism","ACY1, ALDH2, ALDH9A1, ALDH3A2, AMD1, ARG2, ASL, ALDH7A1, CKB, CKMT1B, CKMT2, CPS1, GAMT, GATM, GLUD1, GLUD2, GLUL, GOT1, GOT2, MAOA, OAT, P4HA1, PYCR1, ALDH18A1, SAT1, SMS, P4HA2, PYCR2, LAP3, PYCR3, SAT2, AZIN2, CKMT1A"
"04920",0.0287738244327461,1.64588880819818,32.7294644394696,41,68,"Adipocytokine signaling pathway","Organismal Systems; Endocrine system","ACACB, AKT1, AKT2, CD36, CHUK, CPT1A, ACSL1, MTOR, IKBKB, IRS1, JAK2, LEPR, NFKB1, NFKBIA, NFKBIB, NFKBIE, PCK2, PPARA, PRKAA1, PRKAA2, PRKAB1, PRKAB2, PRKAG1, MAPK8, MAPK9, MAPK10, PTPN11, RELA, RXRA, RXRB, SLC2A1, STAT3, TNFRSF1B, TRAF2, IKBKG, IRS2, TRADD, CAMKK2, ADIPOR1, PRKAG2, ACSL5"
"04115",0.0490855812198419,1.54731656728027,32.7294644394696,40,68,"p53 signaling pathway","Cellular Processes; Cell growth and death","APAF1, ATR, BAX, BID, CASP3, CASP8, CASP9, CCND3, CCNG1, CDK1, CDK2, CDK4, CDK6, CDKN1A, DDB2, GADD45A, SFN, MDM2, MDM4, GADD45B, PTEN, SIAH1, TP53, TSC2, PPM1D, TNFRSF10B, CCNB2, TP53I3, CHEK2, RCHY1, BBC3, RRM2B, SHISA5, CYCS, STEAP3, PIDD1, PERP, COP1, SESN2, SESN3"
"00240",0.0221005036174561,1.54678597516435,46.6876183915964,57,97,"Pyrimidine metabolism","Metabolism; Nucleotide metabolism","POLR3D, CAD, ENTPD1, ENTPD6, ENTPD3, DCK, DPYD, DTYMK, DUT, TYMP, ITPA, NME1, NME2, NME3, NME4, PNP, POLD1, POLD2, POLE, POLR2C, POLR2D, POLR2E, POLR2F, POLR2I, POLR2J, POLR2L, PRIM2, RRM1, TXNRD1, TYMS, UCK2, UPP1, ENTPD4, POLR3F, POLR3G, POLR3C, NT5C2, POLA2, NME7, NT5C, RRM2B, AK3, NT5C3A, CMPK1, POLR3K, POLE3, POLR3B, CTPS2, NT5M, POLD4, UCK1, POLR3GL, PNPT1, TXNRD3, CANT1, CMPK2, POLR3H"
"00564",0.0357409482666574,1.54396585946804,38.5052522817289,47,80,"Glycerophospholipid metabolism","Metabolism; Lipid metabolism","CDS1, CHKA, DGKA, DGKQ, GPD1, GPD2, PCYT1A, PLA2G4A, PLD2, PCYT2, TAFAZZIN, PLA2G6, GNPAT, DGKZ, DGKE, PLPP2, PLPP3, CDS2, PGS1, LPGAT1, LPCAT3, CEPT1, PEMT, LYPLA1, AGPAT1, LYPLA2, GPD1L, PLA2G15, PLA2G3, CRLS1, LPCAT2, ETNK1, ADPRM, CHPT1, GPAM, MBOAT7, LPCAT1, PTDSS2, PLA2G12A, SELENOI, MBOAT2, GPAT4, GPAT2, PLB1, DGKH, LCLAT1, LPCAT4"
